name,slug,description,assets,facets,optionGroups,optionValues,sku,price,taxCategory,stockOnHand,trackInventory,variantAssets,variantFacets
Radiant Cut Diamond Engagement Ring,radiant-cut-diamond-engagement-ring,"A breathtaking radiant cut diamond engagement ring with a delicate pavé band. The elongated radiant cut maximizes brilliance while the hidden halo adds extra sparkle from every angle.",https://picsum.photos/seed/radiant-ring/800/800,category:Rings|type:Engagement Ring|shape:Radiant|style:Pave,Metal|Ring Size,White Gold|6,SAMPLE-ENG-RAD-WG-6,1899.00,standard,3,true,,metal:White Gold
,,,,,,White Gold|7,SAMPLE-ENG-RAD-WG-7,1899.00,standard,3,true,,metal:White Gold
,,,,,,Rose Gold|6,SAMPLE-ENG-RAD-RG-6,1899.00,standard,2,true,,metal:Rose Gold
,,,,,,Rose Gold|7,SAMPLE-ENG-RAD-RG-7,1899.00,standard,2,true,,metal:Rose Gold
Lab Grown Diamond Solitaire Pendant,lab-grown-diamond-solitaire-pendant,"A timeless solitaire pendant featuring a brilliant lab grown diamond suspended on an 18-inch cable chain. Sustainable luxury with identical sparkle to mined diamonds at a fraction of the cost.",https://picsum.photos/seed/solitaire-pendant/800/800,category:Necklaces|type:Pendant|diamond-type:Lab Grown,,,SAMPLE-PEND-LG-SOL,749.00,standard,10,true,,
Classic Diamond Stud Earrings,classic-diamond-stud-earrings,"Four-prong classic diamond stud earrings in a timeless martini setting. Available in multiple total carat weights to suit every budget and occasion. Sold as a pair with secure screw backs.",https://picsum.photos/seed/stud-earrings/800/800,category:Earrings|type:Stud Earrings,Metal|Carat Total Weight,White Gold|0.50 ct,SAMPLE-STUD-WG-050,599.00,standard,8,true,,metal:White Gold
,,,,,,White Gold|1.00 ct,SAMPLE-STUD-WG-100,1299.00,standard,5,true,,metal:White Gold
,,,,,,Yellow Gold|0.50 ct,SAMPLE-STUD-YG-050,599.00,standard,8,true,,metal:Yellow Gold
,,,,,,Yellow Gold|1.00 ct,SAMPLE-STUD-YG-100,1299.00,standard,4,true,,metal:Yellow Gold
